{"cameraMode":{"drawMode":0,"name":"Shaded","section":"Shading Mode"},"sceneLighting":true,"audioPlay":false,"sceneViewState":{"showFog":true,"showMaterialUpdate":false,"showSkybox":true,"showFlares":true,"showImageEffects":true,"showParticleSystems":true},"in2DMode":false,"pivot":{"x":-1.6339313983917237,"y":236.85943603515626,"z":-47.79899597167969},"rotation":{"x":-0.48838678002357485,"y":-0.0990588441491127,"z":0.055918626487255099,"w":-0.8651813864707947},"size":22.0,"orthographic":false}