{"cameraMode":{"drawMode":0,"name":"Shaded","section":"Shading Mode"},"sceneLighting":false,"audioPlay":false,"sceneViewState":{"showFog":true,"showMaterialUpdate":false,"showSkybox":true,"showFlares":true,"showImageEffects":true,"showParticleSystems":true},"in2DMode":false,"pivot":{"x":147.84173583984376,"y":469.196533203125,"z":2.5862045288085939},"rotation":{"x":-0.1111656129360199,"y":0.35672634840011599,"z":-0.042796213179826739,"w":-0.9265835881233215},"size":26.088790893554689,"orthographic":false}